[
    {
        "category": "vegetable",
        "name": "Tomato",
        "price": 20,
        "quantity": 1,
        "type": "Non-Leafy",
        "vegId": 1
    },
    {
        "category": "vegetable",
        "name": "Mushroom",
        "price": 30,
        "quantity": 1,
        "type": "Non-Leafy",
        "vegId": 2
    },
    {
        "category": "vegetable",
        "name": "Spinach",
        "price": 25,
        "quantity": 1,
        "type": "Green-Leafy",
        "vegId": 3
    },
    {
        "category": "vegetable",
        "name": "Carrot",
        "price": 10,
        "quantity": 1,
        "type": "Root",
        "vegId": 4
    },
    {
        "category": "vegetable",
        "name": "Cabbage",
        "price": 35,
        "quantity": 1,
        "type": "Green-Leafy",
        "vegId": 5
    },
    {
        "category": "vegetable",
        "name": "Onions",
        "price": 50,
        "quantity": 1,
        "type": "Root",
        "vegId": 6
    },
    {
        "category": "fruits",
        "name": "Orange",
        "price": 40,
        "quantity": 1,
        "type": "citrus",
        "vegId": 7
    },
    {
        "category": "fruits",
        "name": "Peach",
        "price": 30,
        "quantity": 1,
        "type": "pits",
        "vegId": 8
    },
    {
        "category": "fruits",
        "name": "SweetLime",
        "price": 20,
        "quantity": 1,
        "type": "citrus",
        "vegId": 9
    },
    {
        "category": "fruits",
        "name": "WaterMelon",
        "price": 60,
        "quantity": 1,
        "type": "Melon",
        "vegId": 10
    },
    {
        "category": "fruits",
        "name": "Mango",
        "price": 40,
        "quantity": 1,
        "type": "tropical",
        "vegId": 11
    }

]
